Date,Amount Sent,Name,Surname,Transaction Status,Time,Payment Method,Reason for Transfer,Sending Country,Receiving Country,Delivery Method
2023-01-01,500,John,Doe,Completed,10:00:00,Bank Transfer,Family Support,USA,India,Bank Deposit
2023-02-01,600,Jane,Smith,Completed,11:30:00,Online Payment,Education,UK,Philippines,Cash Pickup
2023-03-01,450,David,Johnson,Completed,14:45:00,Bank Transfer,Investment,Canada,Mexico,Mobile Wallet
2023-04-01,700,Sarah,Williams,Completed,16:20:00,Cash,Family Support,France,Nigeria,Bank Deposit
2023-05-01,550,Michael,Brown,Completed,09:15:00,Online Payment,Education,Australia,China,Cash Pickup
2023-06-01,800,Emily,Jones,Completed,12:00:00,Bank Transfer,Family Support,Germany,Philippines,Mobile Wallet
2023-07-01,350,Robert,Miller,Completed,13:45:00,Cash,Investment,Spain,India,Bank Deposit
2023-08-01,900,Olivia,Davis,Completed,15:30:00,Online Payment,Family Support,Italy,Nigeria,Cash Pickup
2023-09-01,600,William,Moore,Completed,17:00:00,Bank Transfer,Education,USA,Mexico,Mobile Wallet
2023-10-01,750,Sophia,Taylor,Completed,10:30:00,Online Payment,Family Support,UK,China,Bank Deposit
2023-11-01,420,Josephine,Anderson,Completed,14:10:00,Cash,Family Support,Canada,Philippines,Cash Pickup
2023-12-01,580,Andrew,Wilson,Completed,16:45:00,Online Payment,Education,Australia,India,Bank Deposit
2024-01-01,520,Elizabeth,Clark,Completed,09:20:00,Bank Transfer,Investment,USA,Philippines,Mobile Wallet
2024-02-01,670,Matthew,Harris,Completed,11:50:00,Online Payment,Family Support,UK,Mexico,Cash Pickup
2024-03-01,440,Ava,Lee,Completed,14:30:00,Cash,Education,Canada,China,Bank Deposit
2024-04-01,710,Christopher,White,Completed,16:05:00,Bank Transfer,Family Support,USA,India,Mobile Wallet
2024-05-01,520,Samantha,Thomas,Completed,09:40:00,Online Payment,Investment,Australia,Nigeria,Bank Deposit
2024-06-01,840,Nathan,Hall,Completed,12:20:00,Cash,Family Support,Germany,Philippines,Cash Pickup
2024-07-01,390,Isabella,Lewis,Completed,14:55:00,Online Payment,Education,Spain,China,Mobile Wallet
2024-08-01,930,Ethan,Young,Completed,15:10:00,Bank Transfer,Family Support,USA,Mexico,Bank Deposit
2024-09-01,680,Mia,Hernandez,Completed,17:25:00,Cash,Investment,UK,India,Cash Pickup
2024-10-01,780,Alexander,Walker,Completed,10:15:00,Online Payment,Family Support,Canada,Philippines,Bank Deposit
2024-11-01,460,Sophie,Scott,Completed,13:30:00,Cash,Education,Australia,China,Mobile Wallet
2024-12-01,620,Liam,Green,Completed,15:55:00,Bank Transfer,Investment,USA,Nigeria,Bank Deposit
2025-01-01,550,Emma,Hill,Completed,09:50:00,Online Payment,Family Support,UK,Mexico,Cash Pickup
2025-02-01,720,Noah,Allen,Completed,11:10:00,Cash,Family Support,Canada,India,Bank Deposit
2025-03-01,490,Grace,Adams,Completed,13:55:00,Bank Transfer,Education,USA,Philippines,Mobile Wallet
2025-04-01,690,James,Harrison,Completed,15:40:00,Online Payment,Investment,Australia,China,Cash Pickup
2025-05-01,520,Aiden,Scott,Completed,09:25:00,Cash,Family Support,France,Nigeria,Bank Deposit
2025-06-01,860,Chloe,Wright,Completed,11:55:00,Bank Transfer,Education,Germany,Philippines,Cash Pickup
2025-07-01,400,Lucas,Carter,Completed,14:40:00,Online Payment,Family Support,Spain,Mexico,Mobile Wallet
2025-08-01,940,Mila,Robinson,Completed,16:15:00,Cash,Investment,USA,India,Bank Deposit
2025-09-01,640,Logan,King,Completed,10:05:00,Online Payment,Family Support,UK,China,Cash Pickup
2025-10-01,760,Abigail,Walker,Completed,12:30:00,Bank Transfer,Education,Canada,Philippines,Bank Deposit
2025-11-01,430,Emily,Smith,Completed,14:50:00,Cash,Family Support,Australia,Nigeria,Mobile Wallet
2025-12-01,600,Joshua,Jones,Completed,17:15:00,Online Payment,Investment,USA,China,Cash Pickup
2026-01-01,540,Sophia,Davis,Completed,09:10:00,Bank Transfer,Family Support,UK,India,Bank Deposit
2026-02-01,700,Oliver,Anderson,Completed,11:40:00,Cash,Education,Canada,Philippines,Mobile Wallet
2026-03-01,450,Ava,Clark,Completed,14:25:00,Bank Transfer,Family Support,Australia,Mexico,Cash Pickup
2026-04-01,720,James,Thomas,Completed,16:50:00,Online Payment,Investment,USA,China,Bank Deposit
2026-05-01,530,Mia,Johnson,Completed,09:35:00,Cash,Family Support,UK,Nigeria,Mobile Wallet
2026-06-01,880,William,Walker,Completed,12:10:00,Online Payment,Education,Germany,India,Cash Pickup
2026-07-01,410,Lily,Robinson,Completed,14:45:00,Bank Transfer,Family Support,USA,Philippines,Bank Deposit
2026-08-01,950,Elijah,Hall,Completed,15:55:00,Cash,Investment,Canada,Mexico,Cash Pickup
2026-09-01,660,Charlotte,Harris,Completed,17:20:00,Bank Transfer,Family Support,UK,China,Mobile Wallet
2026-10-01,790,Jack,Wilson,Completed,10:30:00,Online Payment,Education,Australia,Philippines,Bank Deposit
2026-11-01,450,Sophie,Adams,Completed,13:05:00,Cash,Family Support,USA,Mexico,Cash Pickup
2026-12-01,620,Lucas,Brown,Completed,15:40:00,Bank Transfer,Investment,UK,India,Bank Deposit
2027-01-01,560,Isabella,Lee,Completed,09:25:00,Online Payment,Family Support,Canada,China,Mobile Wallet
2027-02-01,740,Logan,Scott,Completed,11:50:00,Cash,Education,Australia,Nigeria,Cash Pickup
2027-03-01,480,Aiden,Wright,Completed,14:30:00,Bank Transfer,Family Support,USA,Philippines,Bank Deposit
2027-04-01,700,Mia,Johnson,Completed,16:55:00,Online Payment,Investment,UK,Mexico,Mobile Wallet
2027-05-01,550,Ethan,Hill,Completed,09:40:00,Cash,Family Support,Canada,India,Cash Pickup
2027-06-01,910,Charlotte,Carter,Completed,12:15:00,Bank Transfer,Education,USA,Philippines,Bank Deposit
2027-07-01,430,James,Robinson,Completed,14:50:00,Online Payment,Family Support,Australia,China,Mobile Wallet
2027-08-01,980,Ava,Miller,Completed,16:25:00,Cash,Investment,Germany,Nigeria,Bank Deposit
2027-09-01,700,Liam,Anderson,Completed,10:20:00,Online Payment,Family Support,UK,India,Cash Pickup
2027-10-01,820,Sophia,Walker,Completed,12:45:00,Bank Transfer,Education,Canada,Philippines,Mobile Wallet
2027-11-01,470,Emily,White,Completed,14:15:00,Cash,Family Support,USA,Mexico,Bank Deposit
2027-12-01,630,William,Harris,Completed,16:40:00,Online Payment,Investment,UK,China,Cash Pickup
2028-01-01,580,Isabella,Clark,Completed,09:35:00,Bank Transfer,Family Support,Canada,India,Mobile Wallet
2028-02-01,750,Lucas,Smith,Completed,11:55:00,Cash,Education,Australia,Philippines,Bank Deposit
2028-03-01,490,Sophie,Johnson,Completed,14:20:00,Online Payment,Family Support,USA,Nigeria,Cash Pickup
2028-04-01,720,Elijah,Anderson,Completed,16:45:00,Bank Transfer,Investment,UK,China,Mobile Wallet
2028-05-01,540,Oliver,Hall,Completed,09:40:00,Cash,Family Support,Canada,Mexico,Bank Deposit
2028-06-01,890,Ava,Harris,Completed,12:10:00,Online Payment,Education,USA,India,Cash Pickup
2028-07-01,420,Sophia,Robinson,Completed,14:35:00,Bank Transfer,Family Support,UK,Philippines,Bank Deposit
2028-08-01,970,Logan,Williams,Completed,15:55:00,Online Payment,Investment,Canada,Nigeria,Mobile Wallet
2028-09-01,690,Ethan,Walker,Completed,17:20:00,Cash,Family Support,USA,China,Cash Pickup
2028-10-01,800,Mia,Moore,Completed,10:30:00,Bank Transfer,Education,Australia,India,Bank Deposit
2028-11-01,460,Liam,Scott,Completed,13:05:00,Online Payment,Family Support,UK,Mexico,Cash Pickup
2028-12-01,630,Sophie,Green,Completed,15:40:00,Cash,Investment,USA,Philippines,Mobile Wallet
2029-01-01,560,Ava,Adams,Completed,09:25:00,Bank Transfer,Family Support,Canada,Nigeria,Bank Deposit
2029-02-01,740,William,Hill,Completed,11:50:00,Online Payment,Education,Australia,China,Cash Pickup
2029-03-01,480,Lucas,Thomas,Completed,14:30:00,Bank Transfer,Family Support,USA,Mexico,Mobile Wallet
2029-04-01,710,Sophia,King,Completed,16:55:00,Cash,Investment,UK,Philippines,Bank Deposit
2029-05-01,550,Elijah,Wright,Completed,09:40:00,Online Payment,Family Support,Canada,India,Cash Pickup
2029-06-01,910,Isabella,Carter,Completed,12:15:00,Bank Transfer,Education,USA,China,Bank Deposit
2029-07-01,430,Logan,Robinson,Completed,14:50:00,Online Payment,Family Support,Australia,Nigeria,Mobile Wallet
2029-08-01,980,Ava,Miller,Completed,16:25:00,Cash,Investment,Germany,Philippines,Cash Pickup
2029-09-01,700,Liam,Anderson,Completed,10:20:00,Online Payment,Family Support,UK,Mexico,Bank Deposit
2029-10-01,820,Sophia,Walker,Completed,12:45:00,Bank Transfer,Education,Canada,India,Mobile Wallet
2029-11-01,470,Emily,White,Completed,14:15:00,Cash,Family Support,USA,China,Cash Pickup
2029-12-01,630,William,Harris,Completed,16:40:00,Online Payment,Investment,UK,Philippines,Bank Deposit
2030-01-01,580,Isabella,Clark,Completed,09:35:00,Bank Transfer,Family Support,Canada,Nigeria,Cash Pickup
2030-02-01,750,Lucas,Smith,Completed,11:55:00,Cash,Education,Australia,India,Mobile Wallet
2030-03-01,490,Sophie,Johnson,Completed,14:20:00,Online Payment,Family Support,USA,China,Bank Deposit
2030-04-01,720,Elijah,Anderson,Completed,16:45:00,Bank Transfer,Investment,UK,Philippines,Cash Pickup
2030-05-01,540,Oliver,Hall,Completed,09:40:00,Cash,Family Support,Canada,Mexico,Mobile Wallet
2030-06-01,890,Ava,Harris,Completed,12:10:00,Online Payment,Education,USA,Nigeria,Bank Deposit
2030-07-01,420,Sophia,Robinson,Completed,14:35:00,Bank Transfer,Family Support,UK,China,Cash Pickup
2030-08-01,970,Logan,Williams,Completed,15:55:00,Online Payment,Investment,Canada,Philippines,Mobile Wallet
2030-09-01,690,Ethan,Walker,Completed,17:20:00,Cash,Family Support,USA,India,Bank Deposit
2030-10-01,800,Mia,Moore,Completed,10:30:00,Bank Transfer,Education,Australia,Mexico,Cash Pickup
2030-11-01,460,Liam,Scott,Completed,13:05:00,Online Payment,Family Support,UK,Philippines,Mobile Wallet
2030-12-01,630,Sophie,Green,Completed,15:40:00,Cash,Investment,USA,China,Bank Deposit